None,Acct-Authentic,0
RADIUS,Acct-Authentic,1
Local,Acct-Authentic,2
Remote,Acct-Authentic,3
RADIUS Proxy,Acct-Provider-Type,2
Start,Acct-Status-Type,1
Stop,Acct-Status-Type,2
Interim Update,Acct-Status-Type,3
Accounting-On,Acct-Status-Type,7
Accounting-Off,Acct-Status-Type,8
Tunnel-Start,Acct-Status-Type,9
Tunnel-Stop,Acct-Status-Type,10
Tunnel-Reject,Acct-Status-Type,11
Tunnel-Link-Start,Acct-Status-Type,12
Tunnel-Link-Stop,Acct-Status-Type,13
Tunnel-Link-Reject,Acct-Status-Type,14
Failed,Acct-Status-Type,15
User-Request,Acct-Terminate-Cause,1
Lost-Carrier,Acct-Terminate-Cause,2
Lost-Service,Acct-Terminate-Cause,3
Idle-Timeout,Acct-Terminate-Cause,4
Session-Timeout,Acct-Terminate-Cause,5
Admin-Reset,Acct-Terminate-Cause,6
Admin-Reboot,Acct-Terminate-Cause,7
Port-Error,Acct-Terminate-Cause,8
NAS-Error,Acct-Terminate-Cause,9
NAS-Request,Acct-Terminate-Cause,10
NAS-Reboot,Acct-Terminate-Cause,11
Port-Unneeded,Acct-Terminate-Cause,12
Port-Preempted,Acct-Terminate-Cause,13
Port-Suspended,Acct-Terminate-Cause,14
Service-Unavailable,Acct-Terminate-Cause,15
Callback,Acct-Terminate-Cause,16
User-Error,Acct-Terminate-Cause,17
Host-Request,Acct-Terminate-Cause,18
Supplicant-Restart,Acct-Terminate-Cause,19
Reauthentication-Failure,Acct-Terminate-Cause,20
Port-Reinit,Acct-Terminate-Cause,21
Port-Disabled,Acct-Terminate-Cause,22
Only allow access to default zone,ARAP-Zone-Access,1
Use zone filter inclusively,ARAP-Zone-Access,2
(not used),ARAP-Zone-Access,3
Use zone filter exclusively,ARAP-Zone-Access,4
Bridge-No,Ascend-Bridge,0
Bridge-Yes,Ascend-Bridge,1
Callback-No,Ascend-Callback,0
Callback-Yes,Ascend-Callback,1
Switched-Voice-Bearer,Ascend-Data-Svc,0
Switched-56KR,Ascend-Data-Svc,1
Nailed-56KR,Ascend-Data-Svc,1
Nailed-64K,Ascend-Data-Svc,2
Switched-64K,Ascend-Data-Svc,2
Switched-64KR,Ascend-Data-Svc,3
Switched-56K,Ascend-Data-Svc,4
Switched-384KR,Ascend-Data-Svc,5
Switched-384K,Ascend-Data-Svc,6
Switched-1536K,Ascend-Data-Svc,7
Switched-1536KR,Ascend-Data-Svc,8
Switched-128K,Ascend-Data-Svc,9
Switched-192K,Ascend-Data-Svc,10
Switched-256K,Ascend-Data-Svc,11
Switched-320K,Ascend-Data-Svc,12
Switched-384K-MR,Ascend-Data-Svc,13
Switched-448K,Ascend-Data-Svc,14
Switched-512K,Ascend-Data-Svc,15
Switched-576K,Ascend-Data-Svc,16
Switched-640K,Ascend-Data-Svc,17
Switched-704K,Ascend-Data-Svc,18
Switched-768K,Ascend-Data-Svc,19
Switched-832K,Ascend-Data-Svc,20
Switched-896K,Ascend-Data-Svc,21
Switched-960K,Ascend-Data-Svc,22
Switched-1024K,Ascend-Data-Svc,23
Switched-1088K,Ascend-Data-Svc,24
Switched-1152K,Ascend-Data-Svc,25
Switched-1216K,Ascend-Data-Svc,26
Switched-1280K,Ascend-Data-Svc,27
Switched-1344K,Ascend-Data-Svc,28
Switched-1408K,Ascend-Data-Svc,29
Switched-1472K,Ascend-Data-Svc,30
Switched-1600K,Ascend-Data-Svc,31
Switched-1664K,Ascend-Data-Svc,32
Switched-1728K,Ascend-Data-Svc,33
Switched-1792K,Ascend-Data-Svc,34
Switched-1856K,Ascend-Data-Svc,35
Switched-1920K,Ascend-Data-Svc,36
Switched-inherited,Ascend-Data-Svc,37
Switched-restricted-bearer-x30,Ascend-Data-Svc,38
Switched-clear-bearer-v110,Ascend-Data-Svc,39
Switched-restricted-64-x30,Ascend-Data-Svc,40
Switched-clear-56-v110,Ascend-Data-Svc,41
Switched-modem,Ascend-Data-Svc,42
Switched-atmodem,Ascend-Data-Svc,43
Force-56-No,Ascend-Force56,0
Force-56-Yes,Ascend-Force56,1
FR-Direct-No,Ascend-FR-Direct,0
FR-Direct-Yes,Ascend-FR-Direct,1
Handle-IPX-None,Ascend-Handle-IPX,0
Handle-IPX-Client,Ascend-Handle-IPX,1
Handle-IPX-Server,Ascend-Handle-IPX,2
History-Constant,Ascend-History-Weigh-Type,0
History-Linear,Ascend-History-Weigh-Type,1
History-Quadratic,Ascend-History-Weigh-Type,2
IPX-Peer-Router,Ascend-IPX-PeerMode,0
IPX-Peer-Dialin,Ascend-IPX-PeerMode,1
Link-Comp-None,Ascend-Link-Compression,0
Link-Comp-Stac,Ascend-Link-Compression,1
PPP-VJ-1172,Ascend-PPP-VJ-1172,1
VJ-Slot-Comp-No,Ascend-PPP-VJ-Slot-Comp,1
Unknown-Number,Ascend-PRI-Number-Type,0
Intl-Number,Ascend-PRI-Number-Type,1
National-Number,Ascend-PRI-Number-Type,2
Local-Number,Ascend-PRI-Number-Type,4
Abbrev-Number,Ascend-PRI-Number-Type,5
Lifetime-In-Days,Ascend-PW-Lifetime,0
Days-Of-Warning,Ascend-PW-Warntime,0
Route-IP-No,Ascend-Route-IP,0
Route-IP-Yes,Ascend-Route-IP,1
Route-IPX-No,Ascend-Route-IPX,0
Route-IPX-Yes,Ascend-Route-IPX,1
Send-Auth-None,Ascend-Send-Auth,0
Send-Auth-PAP,Ascend-Send-Auth,1
Send-Auth-CHAP,Ascend-Send-Auth,2
PAP,Authentication-Type,1
CHAP,Authentication-Type,2
MS-CHAP v1,Authentication-Type,3
MS-CHAP v2,Authentication-Type,4
EAP,Authentication-Type,5
Unauthenticated,Authentication-Type,7
Extension,Authentication-Type,8
MS-CHAP v1 CPW,Authentication-Type,9
MS-CHAP v2 CPW,Authentication-Type,10
None,Auth-Provider-Type,0
Windows,Auth-Provider-Type,1
RADIUS Proxy,Auth-Provider-Type,2
RADIUS Standard,Client-Vendor,0
Proteon,Client-Vendor,1
ACC,Client-Vendor,5
Cisco,Client-Vendor,9
BBN,Client-Vendor,14
"Xylogics, Inc.",Client-Vendor,15
3Com,Client-Vendor,43
Cabletron Systems,Client-Vendor,52
Gandalf,Client-Vendor,64
Telebit,Client-Vendor,117
Shiva Corporation,Client-Vendor,166
ADC Kentrox,Client-Vendor,181
Lantronix,Client-Vendor,244
BinTec Communications GmbH,Client-Vendor,272
"Livingston Enterprises, Inc.",Client-Vendor,307
Microsoft,Client-Vendor,311
Digi International,Client-Vendor,332
Intel Corporation,Client-Vendor,343
"U.S. Robotics, Inc.",Client-Vendor,429
EICON,Client-Vendor,434
Ascend Communications Inc.,Client-Vendor,529
Nortel Networks,Client-Vendor,562
RedBack Networks,Client-Vendor,2352
None,Framed-Compression,0
Van Jacobson TCP/IP header compression,Framed-Compression,1
IPX Header compression,Framed-Compression,2
Stac-LZS compression,Framed-Compression,3
PPP,Framed-Protocol,1
SLIP,Framed-Protocol,2
AppleTalk Remote Access Protocol (ARAP),Framed-Protocol,3
Gandalf Proprietary SingleLink/MultiLink protocol,Framed-Protocol,4
Xylogics proprietary IPX/SLIP,Framed-Protocol,5
X.75 Synchronous,Framed-Protocol,6
MPP,Framed-Protocol,256
EURAW,Framed-Protocol,257
EUUI,Framed-Protocol,258
X25,Framed-Protocol,259
COMB,Framed-Protocol,260
FR,Framed-Protocol,261
None,Framed-Routing,0
Send,Framed-Routing,1
Listen,Framed-Routing,2
Send-Listen,Framed-Routing,3
Telnet,Login-Service,0
Rlogin,Login-Service,1
TCP Clear,Login-Service,2
Portmaster (proprietary),Login-Service,3
LAT,Login-Service,4
X25-PAD,Login-Service,5
X25-T3POS,Login-Service,6
TCP Clear Quiet (suppresses any NAS-generated connect string),Login-Service,8
User-Name,Manipulation-Target,1
Called-Station-Id,Manipulation-Target,30
Calling-Station-Id,Manipulation-Target,31
Async (Modem),NAS-Port-Type,0
Sync (T1 Line),NAS-Port-Type,1
ISDN Sync,NAS-Port-Type,2
ISDN Async V.120,NAS-Port-Type,3
ISDN Async V.110,NAS-Port-Type,4
Virtual (VPN),NAS-Port-Type,5
PIAFS,NAS-Port-Type,6
HDLC Clear Channel,NAS-Port-Type,7
X.25,NAS-Port-Type,8
X.75,NAS-Port-Type,9
G.3 Fax,NAS-Port-Type,10
SDSL - Symmetric DSL,NAS-Port-Type,11
ADSL-CAP - Asymmetric DSL Carrierless Amplitude Phase Modulation,NAS-Port-Type,12
ADSL-DMT - Asymmetric DSL Discrete Multi-Tone,NAS-Port-Type,13
IDSL - ISDN Digital Subscriber Line,NAS-Port-Type,14
Ethernet,NAS-Port-Type,15
xDSL - Digital Subscriber Line of unknown type,NAS-Port-Type,16
Cable,NAS-Port-Type,17
Wireless - Other,NAS-Port-Type,18
Wireless - IEEE 802.11,NAS-Port-Type,19
Token Ring,NAS-Port-Type,20
FDDI,NAS-Port-Type,21
Standard,Nortel-Port-QOS,0
Custom,Nortel-Port-QOS,1
Bronze,Nortel-Port-QOS,2
Silver,Nortel-Port-QOS,3
Gold,Nortel-Port-QOS,4
Platinum,Nortel-Port-QOS,5
Premium,Nortel-Port-QOS,6
Critical Network,Nortel-Port-QOS,7
Async (Modem),NP-Allowed-Port-Types,0
Sync (T1 Line),NP-Allowed-Port-Types,1
ISDN Sync,NP-Allowed-Port-Types,2
ISDN Async V.120,NP-Allowed-Port-Types,3
ISDN Async V.110,NP-Allowed-Port-Types,4
Virtual (VPN),NP-Allowed-Port-Types,5
PIAFS,NP-Allowed-Port-Types,6
HDLC Clear Channel,NP-Allowed-Port-Types,7
X.25,NP-Allowed-Port-Types,8
X.75,NP-Allowed-Port-Types,9
G.3 Fax,NP-Allowed-Port-Types,10
SDSL - Symmetric DSL,NP-Allowed-Port-Types,11
ADSL-CAP - Asymmetric DSL Carrierless Amplitude Phase Modulation,NP-Allowed-Port-Types,12
ADSL-DMT - Asymmetric DSL Discrete Multi-Tone,NP-Allowed-Port-Types,13
IDSL - ISDN Digital Subscriber Line,NP-Allowed-Port-Types,14
Ethernet,NP-Allowed-Port-Types,15
xDSL - Digital Subscriber Line of unknown type,NP-Allowed-Port-Types,16
Cable,NP-Allowed-Port-Types,17
Wireless - Other,NP-Allowed-Port-Types,18
Wireless - IEEE 802.11,NP-Allowed-Port-Types,19
Token Ring,NP-Allowed-Port-Types,20
FDDI,NP-Allowed-Port-Types,21
Access-Request,Packet-Type,1
Access-Accept,Packet-Type,2
Access-Reject,Packet-Type,3
Accounting-Request,Packet-Type,4
Accounting-Response,Packet-Type,5
Access-Challenge,Packet-Type,11
Status-Server (experimental),Packet-Type,12
Status-Client (experimental),Packet-Type,13
Reserved,Packet-Type,255
No Echo,Prompt,0
Echo,Prompt,1
None,Provider-Type,0
Windows,Provider-Type,1
RADIUS Proxy,Provider-Type,2
Login,Service-Type,1
Framed,Service-Type,2
Callback Login,Service-Type,3
Callback Framed,Service-Type,4
Outbound,Service-Type,5
Administrative,Service-Type,6
NAS Prompt,Service-Type,7
Authenticate Only,Service-Type,8
Callback Nas Prompt,Service-Type,9
Call Check,Service-Type,10
Callback Administrative,Service-Type,11
Default,Termination-Action,0
RADIUS-Request,Termination-Action,1
IP (IP version 4),Tunnel-Medium-Type,1
IP6 (IP version 6),Tunnel-Medium-Type,2
NSAP,Tunnel-Medium-Type,3
HDLC (8-bit multidrop),Tunnel-Medium-Type,4
BBN 1822,Tunnel-Medium-Type,5
802 (includes all 802 media plus Ethernet canonical format),Tunnel-Medium-Type,6
E.163 (POTS),Tunnel-Medium-Type,7
E.164 (SMDS Frame Relay ATM),Tunnel-Medium-Type,8
F.69 (Telex),Tunnel-Medium-Type,9
X.121 (X.25 Frame Relay),Tunnel-Medium-Type,10
IPX,Tunnel-Medium-Type,11
Appletalk,Tunnel-Medium-Type,12
Decnet IV,Tunnel-Medium-Type,13
Banyan Vines,Tunnel-Medium-Type,14
E.164 with NSAP format subaddress,Tunnel-Medium-Type,15
Point-to-Point Tunneling Protocol (PPTP),Tunnel-Type,1
Layer Two Forwarding (L2F),Tunnel-Type,2
Layer Two Tunneling Protocol (L2TP),Tunnel-Type,3
Ascend Tunnel Management Protocol (ATMP),Tunnel-Type,4
Virtual Tunneling Protocol (VTP),Tunnel-Type,5
IP Authentication Header in the Tunnel-mode (AH),Tunnel-Type,6
IP-in-IP Encapsulation (IP-IP),Tunnel-Type,7
Minimal IP-in-IP Encapsulation (MIN-IP-IP),Tunnel-Type,8
IP Encapsulating Security Payload in the Tunnel-mode (ESP),Tunnel-Type,9
Generic Route Encapsulation (GRE),Tunnel-Type,10
Bay Dial Virtual Services (DVS),Tunnel-Type,11
IP-in-IP Tunneling,Tunnel-Type,12
Virtual LANs (VLAN),Tunnel-Type,13
enabled,USR-Appletalk,1
disabled,USR-Appletalk,2
Auth-3Com,USR-Auth-Mode,0
Auth-Ace,USR-Auth-Mode,1
Auth-Safeword,USR-Auth-Mode,2
Auth-UNIX-PW,USR-Auth-Mode,3
Auth-Defender,USR-Auth-Mode,4
Auth-TACACSP,USR-Auth-Mode,5
Auth-Netware,USR-Auth-Mode,6
Auth-Skey,USR-Auth-Mode,7
Auth-EAP-Proxy,USR-Auth-Mode,8
Auth-UNIX-Crypt,USR-Auth-Mode,9
450BPS,USR-Back-Channel-Data-Rate,1
300BPS,USR-Back-Channel-Data-Rate,2
None,USR-Back-Channel-Data-Rate,3
enabled,USR-Bridging,1
disabled,USR-Bridging,2
Normal,USR-Callback-Type,1
ANI,USR-Callback-Type,2
Static,USR-Callback-Type,3
Dynamic,USR-Callback-Type,4
notSupported,USR-Call-Event-Code,1
setup,USR-Call-Event-Code,2
usrSetup,USR-Call-Event-Code,3
telcoDisconnect,USR-Call-Event-Code,4
usrDisconnect,USR-Call-Event-Code,5
noFreeModem,USR-Call-Event-Code,6
modemsNotAllowed,USR-Call-Event-Code,7
modemsRejectCall,USR-Call-Event-Code,8
modemSetupTimeout,USR-Call-Event-Code,9
noFreeIGW,USR-Call-Event-Code,10
igwRejectCall,USR-Call-Event-Code,11
igwSetupTimeout,USR-Call-Event-Code,12
noFreeTdmts,USR-Call-Event-Code,13
bcReject,USR-Call-Event-Code,14
ieReject,USR-Call-Event-Code,15
chidReject,USR-Call-Event-Code,16
progReject,USR-Call-Event-Code,17
callingPartyReject,USR-Call-Event-Code,18
calledPartyReject,USR-Call-Event-Code,19
blocked,USR-Call-Event-Code,20
analogBlocked,USR-Call-Event-Code,21
digitalBlocked,USR-Call-Event-Code,22
outOfService,USR-Call-Event-Code,23
busy,USR-Call-Event-Code,24
congestion,USR-Call-Event-Code,25
protocolError,USR-Call-Event-Code,26
noFreeBchannel,USR-Call-Event-Code,27
inOutCallCollision,USR-Call-Event-Code,28
inCallArrival,USR-Call-Event-Code,29
outCallArrival,USR-Call-Event-Code,30
inCallConnect,USR-Call-Event-Code,31
outCallConnect,USR-Call-Event-Code,32
SlotEmpty,USR-Card-Type,1
SlotUnknown,USR-Card-Type,2
NetwMgtCard,USR-Card-Type,3
DualT1NAC,USR-Card-Type,4
DualModemNAC,USR-Card-Type,5
QuadModemNAC,USR-Card-Type,6
TrGatewayNAC,USR-Card-Type,7
X25GatewayNAC,USR-Card-Type,8
DualV34ModemNAC,USR-Card-Type,9
QuadV32DigitalModemNAC,USR-Card-Type,10
QuadV32AnalogModemNAC,USR-Card-Type,11
QuadV32DigAnlModemNAC,USR-Card-Type,12
QuadV34DigModemNAC,USR-Card-Type,13
QuadV34AnlModemNAC,USR-Card-Type,14
QuadV34DigAnlModemNAC,USR-Card-Type,15
SingleT1NAC,USR-Card-Type,16
EthernetGatewayNAC,USR-Card-Type,17
AccessServer,USR-Card-Type,18
486TrGatewayNAC,USR-Card-Type,19
486EthernetGatewayNAC,USR-Card-Type,20
DualRS232NAC,USR-Card-Type,22
486X25GatewayNAC,USR-Card-Type,23
ApplicationServerNAC,USR-Card-Type,25
ISDNGatewayNAC,USR-Card-Type,26
ISDNpriT1NAC,USR-Card-Type,27
ClkedNetMgtCard,USR-Card-Type,28
ModemPoolManagementNAC,USR-Card-Type,29
ModemPoolNetserverNAC,USR-Card-Type,30
ModemPoolV34ModemNAC,USR-Card-Type,31
ModemPoolISDNNAC,USR-Card-Type,32
NTServerNAC,USR-Card-Type,33
QuadV34DigitalG2NAC,USR-Card-Type,34
QuadV34AnalogG2NAC,USR-Card-Type,35
QuadV34DigAnlgG2NAC,USR-Card-Type,36
NETServerFrameRelayNAC,USR-Card-Type,37
NETServerTokenRingNAC,USR-Card-Type,38
X2524ChannelNAC,USR-Card-Type,39
WirelessGatewayNac,USR-Card-Type,42
EnhancedAccessServer,USR-Card-Type,44
EnhancedISDNGatewayNAC,USR-Card-Type,45
DualT1NIC,USR-Card-Type,1001
DualAlogMdmNIC,USR-Card-Type,1002
QuadDgtlMdmNIC,USR-Card-Type,1003
QuadAlogDgtlMdmNIC,USR-Card-Type,1004
TokenRingNIC,USR-Card-Type,1005
SingleT1NIC,USR-Card-Type,1006
EthernetNIC,USR-Card-Type,1007
ShortHaulDualT1NIC,USR-Card-Type,1008
DualAlogMgdIntlMdmNIC,USR-Card-Type,1009
X25NIC,USR-Card-Type,1010
QuadAlogNonMgdMdmNIC,USR-Card-Type,1011
QuadAlogMgdIntlMdmNIC,USR-Card-Type,1012
QuadAlogNonMgdIntlMdmNIC,USR-Card-Type,1013
QuadLsdLiMgdMdmNIC,USR-Card-Type,1014
QuadLsdLiNonMgdMdmNIC,USR-Card-Type,1015
QuadLsdLiMgdIntlMdmNIC,USR-Card-Type,1016
QuadLsdLiNonMgdIntlMdmNIC,USR-Card-Type,1017
HSEthernetWithV35NIC,USR-Card-Type,1018
HSEthernetWithoutV35NIC,USR-Card-Type,1019
DualHighSpeedV35NIC,USR-Card-Type,1020
QuadV35RS232LowSpeedNIC,USR-Card-Type,1021
DualE1NIC,USR-Card-Type,1022
ShortHaulDualE1NIC,USR-Card-Type,1023
BellcoreLongHaulDualT1NIC,USR-Card-Type,1025
BellcoreShrtHaulDualT1NIC,USR-Card-Type,1026
SCSIEdgeServerNIC,USR-Card-Type,1027
NONE,USR-CCP-Algorithm,1
Stac,USR-CCP-Algorithm,2
MS,USR-CCP-Algorithm,3
Any,USR-CCP-Algorithm,4
None,USR-Compression-Algorithm,0
Stac,USR-Compression-Algorithm,1
Ascend,USR-Compression-Algorithm,2
Microsoft,USR-Compression-Algorithm,3
Auto,USR-Compression-Algorithm,4
Auto,USR-Compression-Reset-Mode,0
Reset-Every-Packet,USR-Compression-Reset-Mode,1
Reset-On-Error,USR-Compression-Reset-Mode,2
NONE,USR-Connect-Speed,1
300-BPS,USR-Connect-Speed,2
1200-BPS,USR-Connect-Speed,3
2400-BPS,USR-Connect-Speed,4
4800-BPS,USR-Connect-Speed,5
7200-BPS,USR-Connect-Speed,6
9600-BPS,USR-Connect-Speed,7
12000-BPS,USR-Connect-Speed,8
14400-BPS,USR-Connect-Speed,9
16800-BPS,USR-Connect-Speed,10
19200-BPS,USR-Connect-Speed,11
21600-BPS,USR-Connect-Speed,12
28800-BPS,USR-Connect-Speed,13
38400-BPS,USR-Connect-Speed,14
57600-BPS,USR-Connect-Speed,15
115200-BPS,USR-Connect-Speed,16
288000-BPS,USR-Connect-Speed,17
75-1200-BPS,USR-Connect-Speed,18
1200-75-BPS,USR-Connect-Speed,19
24000-BPS,USR-Connect-Speed,20
26400-BPS,USR-Connect-Speed,21
31200-BPS,USR-Connect-Speed,22
33600-BPS,USR-Connect-Speed,23
33333-BPS,USR-Connect-Speed,24
37333-BPS,USR-Connect-Speed,25
41333-BPS,USR-Connect-Speed,26
42666-BPS,USR-Connect-Speed,27
44000-BPS,USR-Connect-Speed,28
45333-BPS,USR-Connect-Speed,29
46666-BPS,USR-Connect-Speed,30
48000-BPS,USR-Connect-Speed,31
49333-BPS,USR-Connect-Speed,32
50666-BPS,USR-Connect-Speed,33
52000-BPS,USR-Connect-Speed,34
53333-BPS,USR-Connect-Speed,35
54666-BPS,USR-Connect-Speed,36
56000-BPS,USR-Connect-Speed,37
57333-BPS,USR-Connect-Speed,38
64000-BPS,USR-Connect-Speed,39
25333-BPS,USR-Connect-Speed,40
26666-BPS,USR-Connect-Speed,41
28000-BPS,USR-Connect-Speed,42
29333-BPS,USR-Connect-Speed,43
30666-BPS,USR-Connect-Speed,44
32000-BPS,USR-Connect-Speed,45
34666-BPS,USR-Connect-Speed,46
36000-BPS,USR-Connect-Speed,47
38666-BPS,USR-Connect-Speed,48
40000-BPS,USR-Connect-Speed,49
58666-BPS,USR-Connect-Speed,50
60000-BPS,USR-Connect-Speed,51
61333-BPS,USR-Connect-Speed,52
62666-BPS,USR-Connect-Speed,53
dtrDrop,USR-Connect-Term-Reason,1
escapeSequence,USR-Connect-Term-Reason,2
athCommand,USR-Connect-Term-Reason,3
carrierLoss,USR-Connect-Term-Reason,4
inactivityTimout,USR-Connect-Term-Reason,5
mnpIncompatible,USR-Connect-Term-Reason,6
undefined,USR-Connect-Term-Reason,7
remotePassword,USR-Connect-Term-Reason,8
linkPassword,USR-Connect-Term-Reason,9
retransmitLimit,USR-Connect-Term-Reason,10
linkDisconnectMsgReceived,USR-Connect-Term-Reason,11
noLoopCurrent,USR-Connect-Term-Reason,12
invalidSpeed,USR-Connect-Term-Reason,13
unableToRetrain,USR-Connect-Term-Reason,14
managementCommand,USR-Connect-Term-Reason,15
noDialTone,USR-Connect-Term-Reason,16
keyAbort,USR-Connect-Term-Reason,17
lineBusy,USR-Connect-Term-Reason,18
noAnswer,USR-Connect-Term-Reason,19
voice,USR-Connect-Term-Reason,20
noAnswerTone,USR-Connect-Term-Reason,21
noCarrier,USR-Connect-Term-Reason,22
undetermined,USR-Connect-Term-Reason,23
v42SabmeTimeout,USR-Connect-Term-Reason,24
v42BreakTimeout,USR-Connect-Term-Reason,25
v42DisconnectCmd,USR-Connect-Term-Reason,26
v42IdExchangeFail,USR-Connect-Term-Reason,27
v42BadSetup,USR-Connect-Term-Reason,28
v42InvalidCodeWord,USR-Connect-Term-Reason,29
v42StringToLong,USR-Connect-Term-Reason,30
v42InvalidCommand,USR-Connect-Term-Reason,31
none,USR-Connect-Term-Reason,32
v32Cleardown,USR-Connect-Term-Reason,33
dialSecurity,USR-Connect-Term-Reason,34
remoteAccessDenied,USR-Connect-Term-Reason,35
loopLoss,USR-Connect-Term-Reason,36
ds0Teardown,USR-Connect-Term-Reason,37
promptNotEnabled,USR-Connect-Term-Reason,38
noPromptingInSync,USR-Connect-Term-Reason,39
nonArqMode,USR-Connect-Term-Reason,40
modeIncompatible,USR-Connect-Term-Reason,41
noPromptInNonARQ,USR-Connect-Term-Reason,42
dialBackLink,USR-Connect-Term-Reason,43
linkAbort,USR-Connect-Term-Reason,44
autopassFailed,USR-Connect-Term-Reason,45
pbGenericError,USR-Connect-Term-Reason,46
pbLinkErrTxPreAck,USR-Connect-Term-Reason,47
pbLinkErrTxTardyACK,USR-Connect-Term-Reason,48
pbTransmitBusTimeout,USR-Connect-Term-Reason,49
pbReceiveBusTimeout,USR-Connect-Term-Reason,50
pbLinkErrTxTAL,USR-Connect-Term-Reason,51
pbLinkErrRxTAL,USR-Connect-Term-Reason,52
pbTransmitMasterTimeout,USR-Connect-Term-Reason,53
pbClockMissing,USR-Connect-Term-Reason,54
pbReceivedLsWhileLinkUp,USR-Connect-Term-Reason,55
pbOutOfSequenceFrame,USR-Connect-Term-Reason,56
pbBadFrame,USR-Connect-Term-Reason,57
pbAckWaitTimeout,USR-Connect-Term-Reason,58
pbReceivedAckSeqErr,USR-Connect-Term-Reason,59
pbReceiveOvrflwRNRFail,USR-Connect-Term-Reason,60
pbReceiveMsgBufOvrflw,USR-Connect-Term-Reason,61
rcvdGatewayDiscCmd,USR-Connect-Term-Reason,62
tokenPassingTimeout,USR-Connect-Term-Reason,63
dspInterruptTimeout,USR-Connect-Term-Reason,64
mnpProtocolViolation,USR-Connect-Term-Reason,65
class2FaxHangupCmd,USR-Connect-Term-Reason,66
hstSpeedSwitchTimeout,USR-Connect-Term-Reason,67
tooManyUnacked,USR-Connect-Term-Reason,68
timerExpired,USR-Connect-Term-Reason,69
t1Glare,USR-Connect-Term-Reason,70
priDialoutRqTimeout,USR-Connect-Term-Reason,71
abortAnlgDstOvrIsdn,USR-Connect-Term-Reason,72
normalUserCallClear,USR-Connect-Term-Reason,73
normalUnspecified,USR-Connect-Term-Reason,74
bearerIncompatibility,USR-Connect-Term-Reason,75
protocolErrorEvent,USR-Connect-Term-Reason,76
abnormalDisconnect,USR-Connect-Term-Reason,77
invalidCauseValue,USR-Connect-Term-Reason,78
110-BPS,USR-Default-DTE-Data-Rate,1
300-BPS,USR-Default-DTE-Data-Rate,2
600-BPS,USR-Default-DTE-Data-Rate,3
1200-BPS,USR-Default-DTE-Data-Rate,4
2400-BPS,USR-Default-DTE-Data-Rate,5
4800-BPS,USR-Default-DTE-Data-Rate,6
7200-BPS,USR-Default-DTE-Data-Rate,7
9600-BPS,USR-Default-DTE-Data-Rate,8
12K-BPS,USR-Default-DTE-Data-Rate,9
14.4K-BPS,USR-Default-DTE-Data-Rate,10
16.8-BPS,USR-Default-DTE-Data-Rate,11
19.2K-BPS,USR-Default-DTE-Data-Rate,12
38.4K-BPS,USR-Default-DTE-Data-Rate,13
75-BPS,USR-Default-DTE-Data-Rate,14
450-BPS,USR-Default-DTE-Data-Rate,15
UNKNOWN-BPS,USR-Default-DTE-Data-Rate,16
57.6K-BPS,USR-Default-DTE-Data-Rate,17
21.6K-BPS,USR-Default-DTE-Data-Rate,18
24K-BPS,USR-Default-DTE-Data-Rate,19
26K-BPS,USR-Default-DTE-Data-Rate,20
28K-BPS,USR-Default-DTE-Data-Rate,21
115K-BPS,USR-Default-DTE-Data-Rate,22
None,USR-Device-Connected-To,1
isdnGateway,USR-Device-Connected-To,2
quadModem,USR-Device-Connected-To,3
Long,USR-Equalization-Type,1
Short,USR-Equalization-Type,2
Module-Inserted,USR-Event-Id,6
Module-Removed,USR-Event-Id,7
PSU-Voltage-Alarm,USR-Event-Id,8
PSU-Failed,USR-Event-Id,9
HUB-Temp-Out-of-Range,USR-Event-Id,10
Fan-Failed,USR-Event-Id,11
Watchdog-Timeout,USR-Event-Id,12
Mgmt-Bus-Failure,USR-Event-Id,13
In-Connection-Est,USR-Event-Id,14
Out-Connection-Est,USR-Event-Id,15
In-Connection-Term,USR-Event-Id,16
Out-Connection-Term,USR-Event-Id,17
Connection-Failed,USR-Event-Id,18
Connection-Timeout,USR-Event-Id,19
DTE-Transmit-Idle,USR-Event-Id,20
DTR-True,USR-Event-Id,21
DTR-False,USR-Event-Id,22
Block-Error-at-Threshold,USR-Event-Id,23
Fallbacks-at-Threshold,USR-Event-Id,24
No-Dial-Tone-Detected,USR-Event-Id,25
No-Loop-Current-Detected,USR-Event-Id,26
Yellow-Alarm,USR-Event-Id,27
Red-Alarm,USR-Event-Id,28
Loss-Of-Signal,USR-Event-Id,29
Rcv-Alrm-Ind-Signal,USR-Event-Id,30
Timing-Source-Switch,USR-Event-Id,31
Modem-Reset-by-DTE,USR-Event-Id,32
Modem-Ring-No-Answer,USR-Event-Id,33
DTE-Ring-No-Answer,USR-Event-Id,34
Pkt-Bus-Session-Active,USR-Event-Id,35
Pkt-Bus-Session-Congestion,USR-Event-Id,36
Pkt-Bus-Session-Lost,USR-Event-Id,37
Pkt-Bus-Session-Inactive,USR-Event-Id,38
User-Interface-Reset,USR-Event-Id,39
Gateway-Port-Out-of-Service,USR-Event-Id,40
Gateway-Port-Link-Active,USR-Event-Id,41
Dial-Out-Login-Failure,USR-Event-Id,42
Dial-In-Login-Failure,USR-Event-Id,43
Dial-Out-Restricted-Number,USR-Event-Id,44
Dial-Back-Restricted-Number,USR-Event-Id,45
User-Blacklisted,USR-Event-Id,46
Attempted-Login-Blacklisted,USR-Event-Id,47
Response-Attempt-Limit-Exceeded,USR-Event-Id,48
Login-Attempt-Limit-Exceeded,USR-Event-Id,49
Dial-Out-Call-Duration,USR-Event-Id,50
Dial-In-Call-Duration,USR-Event-Id,51
Pkt-Bus-Session-Err-Status,USR-Event-Id,52
NMC-AutoRespnse-Trap,USR-Event-Id,53
Acct-Server-Contact-Loss,USR-Event-Id,54
Yellow-Alarm-Clear,USR-Event-Id,55
Red-Alarm-Clear,USR-Event-Id,56
Loss-Of-Signal-Clear,USR-Event-Id,57
Rcv-Alrm-Ind-Signal-Clear,USR-Event-Id,58
Incoming-Connection-Established,USR-Event-Id,59
Outgoing-Connection-Established,USR-Event-Id,60
Incoming-Connection-Terminated,USR-Event-Id,61
Outgoing-Connection-Terminated,USR-Event-Id,62
Connection-Attempt-Failure,USR-Event-Id,63
Continuous-CRC-Alarm,USR-Event-Id,64
Continuous-CRC-Alarm-Clear,USR-Event-Id,65
Physical-State-Change,USR-Event-Id,66
Gateway-Network-Failed,USR-Event-Id,71
Gateway-Network-Restored,USR-Event-Id,72
Packet-Bus-Clock-Lost,USR-Event-Id,73
Packet-Bus-Clock-Restored,USR-Event-Id,74
D-Channel-In-Service,USR-Event-Id,75
D-Channel-Out-of-Service,USR-Event-Id,76
DS0s-In-Service,USR-Event-Id,77
DS0s-Out-of-Service,USR-Event-Id,78
T1/T1PRI/E1PRI-Call-Event,USR-Event-Id,79
Psu-Incompatible,USR-Event-Id,80
T1 T1-E1/PRI-Call-Arrive-Event,USR-Event-Id,81
T1 T1-E1/PRI-Call-Connect-Event,USR-Event-Id,82
T1 T1-E1/PRI-Call-Termina-Event,USR-Event-Id,83
T1 T1-E1/PRI-Call-Failed-Event,USR-Event-Id,84
DNS-Contact-Lost,USR-Event-Id,85
NTP-Contact-Lost,USR-Event-Id,86
NTP-Contact-Restored,USR-Event-Id,87
IPGW-Link-Up,USR-Event-Id,88
IPGW-Link-Down,USR-Event-Id,89
NTP-Contact-Degraded,USR-Event-Id,90
In-Connection-Failed,USR-Event-Id,91
Out-Connection-Failed,USR-Event-Id,92
Application-ProcessorReset,USR-Event-Id,93
DSP-Reset,USR-Event-Id,94
Changed-to-Maint-Srvs-State,USR-Event-Id,95
Loop-Back-cleared-on-channel,USR-Event-Id,96
Loop-Back-on-channel,USR-Event-Id,97
Telco-Abnormal-Response,USR-Event-Id,98
DNS-Contact-Restored,USR-Event-Id,99
DNS-Contact-Degraded,USR-Event-Id,100
RADIUS-Accounting-Restored,USR-Event-Id,101
RADIUS-Accounting-Group-Restore,USR-Event-Id,102
RADIUS-Accounting-Group-Degrade,USR-Event-Id,103
RADIUS-Accounting-Group-NonOper,USR-Event-Id,104
T1/T1-E1/PRI-InCall-Fail-Event,USR-Event-Id,119
T1/T1-E1/PRI-OutCall-Fail-Event,USR-Event-Id,120
RMMIE-Retrain-Event,USR-Event-Id,121
RMMIE-Speed-Shift-Event,USR-Event-Id,122
CDMA-Call-Start,USR-Event-Id,191
CDMA-Call-End,USR-Event-Id,192
Constant,USR-Expansion-Algorithm,1
Linear,USR-Expansion-Algorithm,2
dtrDrop,USR-Failure-to-Connect-Reason,1
escapeSequence,USR-Failure-to-Connect-Reason,2
athCommand,USR-Failure-to-Connect-Reason,3
carrierLoss,USR-Failure-to-Connect-Reason,4
inactivityTimout,USR-Failure-to-Connect-Reason,5
mnpIncompatible,USR-Failure-to-Connect-Reason,6
undefined,USR-Failure-to-Connect-Reason,7
remotePassword,USR-Failure-to-Connect-Reason,8
linkPassword,USR-Failure-to-Connect-Reason,9
retransmitLimit,USR-Failure-to-Connect-Reason,10
linkDisconnectMsgRec,USR-Failure-to-Connect-Reason,11
noLoopCurrent,USR-Failure-to-Connect-Reason,12
invalidSpeed,USR-Failure-to-Connect-Reason,13
unableToRetrain,USR-Failure-to-Connect-Reason,14
managementCommand,USR-Failure-to-Connect-Reason,15
noDialTone,USR-Failure-to-Connect-Reason,16
keyAbort,USR-Failure-to-Connect-Reason,17
lineBusy,USR-Failure-to-Connect-Reason,18
noAnswer,USR-Failure-to-Connect-Reason,19
voice,USR-Failure-to-Connect-Reason,20
noAnswerTone,USR-Failure-to-Connect-Reason,21
noCarrier,USR-Failure-to-Connect-Reason,22
undetermined,USR-Failure-to-Connect-Reason,23
v42SabmeTimeout,USR-Failure-to-Connect-Reason,24
v42BreakTimeout,USR-Failure-to-Connect-Reason,25
v42DisconnectCmd,USR-Failure-to-Connect-Reason,26
v42IdExchangeFail,USR-Failure-to-Connect-Reason,27
v42BadSetup,USR-Failure-to-Connect-Reason,28
v42InvalidCodeWord,USR-Failure-to-Connect-Reason,29
v42StringToLong,USR-Failure-to-Connect-Reason,30
v42InvalidCommand,USR-Failure-to-Connect-Reason,31
none,USR-Failure-to-Connect-Reason,32
v32Cleardown,USR-Failure-to-Connect-Reason,33
dialSecurity,USR-Failure-to-Connect-Reason,34
remoteAccessDenied,USR-Failure-to-Connect-Reason,35
loopLoss,USR-Failure-to-Connect-Reason,36
ds0Teardown,USR-Failure-to-Connect-Reason,37
promptNotEnabled,USR-Failure-to-Connect-Reason,38
noPromptingInSync,USR-Failure-to-Connect-Reason,39
nonArqMode,USR-Failure-to-Connect-Reason,40
modeIncompatible,USR-Failure-to-Connect-Reason,41
noPromptInNonARQ,USR-Failure-to-Connect-Reason,42
dialBackLink,USR-Failure-to-Connect-Reason,43
linkAbort,USR-Failure-to-Connect-Reason,44
autopassFailed,USR-Failure-to-Connect-Reason,45
pbGenericError,USR-Failure-to-Connect-Reason,46
pbLinkErrTxPreAck,USR-Failure-to-Connect-Reason,47
pbLinkErrTxTardyACK,USR-Failure-to-Connect-Reason,48
pbTransmitBusTimeout,USR-Failure-to-Connect-Reason,49
pbReceiveBusTimeout,USR-Failure-to-Connect-Reason,50
pbLinkErrTxTAL,USR-Failure-to-Connect-Reason,51
pbLinkErrRxTAL,USR-Failure-to-Connect-Reason,52
pbTransmitMasterTimeout,USR-Failure-to-Connect-Reason,53
pbClockMissing,USR-Failure-to-Connect-Reason,54
pbReceivedLsWhileLinkUp,USR-Failure-to-Connect-Reason,55
pbOutOfSequenceFrame,USR-Failure-to-Connect-Reason,56
pbBadFrame,USR-Failure-to-Connect-Reason,57
pbAckWaitTimeout,USR-Failure-to-Connect-Reason,58
pbReceivedAckSeqErr,USR-Failure-to-Connect-Reason,59
pbReceiveOvrflwRNRFail,USR-Failure-to-Connect-Reason,60
pbReceiveMsgBufOvrflw,USR-Failure-to-Connect-Reason,61
rcvdGatewayDiscCmd,USR-Failure-to-Connect-Reason,62
tokenPassingTimeout,USR-Failure-to-Connect-Reason,63
dspInterruptTimeout,USR-Failure-to-Connect-Reason,64
mnpProtocolViolation,USR-Failure-to-Connect-Reason,65
class2FaxHangupCmd,USR-Failure-to-Connect-Reason,66
hstSpeedSwitchTimeout,USR-Failure-to-Connect-Reason,67
tooManyUnacked,USR-Failure-to-Connect-Reason,68
timerExpired,USR-Failure-to-Connect-Reason,69
t1Glare,USR-Failure-to-Connect-Reason,70
priDialoutRqTimeout,USR-Failure-to-Connect-Reason,71
abortAnlgDstOvrIsdn,USR-Failure-to-Connect-Reason,72
normalUserCallClear,USR-Failure-to-Connect-Reason,73
normalUnspecified,USR-Failure-to-Connect-Reason,74
bearerIncompatibility,USR-Failure-to-Connect-Reason,75
protocolErrorEvent,USR-Failure-to-Connect-Reason,76
abnormalDisconnect,USR-Failure-to-Connect-Reason,77
invalidCauseValue,USR-Failure-to-Connect-Reason,78
Disabled,USR-Fallback-Enabled,1
Enabled,USR-Fallback-Enabled,2
enabled,USR-Filter-Zones,1
disabled,USR-Filter-Zones,2
110-BPS,USR-Final-Rx-Link-Data-Rate,1
300-BPS,USR-Final-Rx-Link-Data-Rate,2
600-BPS,USR-Final-Rx-Link-Data-Rate,3
1200-BPS,USR-Final-Rx-Link-Data-Rate,4
2400-BPS,USR-Final-Rx-Link-Data-Rate,5
4800-BPS,USR-Final-Rx-Link-Data-Rate,6
7200-BPS,USR-Final-Rx-Link-Data-Rate,7
9600-BPS,USR-Final-Rx-Link-Data-Rate,8
12K-BPS,USR-Final-Rx-Link-Data-Rate,9
14.4K-BPS,USR-Final-Rx-Link-Data-Rate,10
16.8-BPS,USR-Final-Rx-Link-Data-Rate,11
19.2K-BPS,USR-Final-Rx-Link-Data-Rate,12
38.4K-BPS,USR-Final-Rx-Link-Data-Rate,13
75-BPS,USR-Final-Rx-Link-Data-Rate,14
450-BPS,USR-Final-Rx-Link-Data-Rate,15
UNKNOWN-BPS,USR-Final-Rx-Link-Data-Rate,16
57.6K-BPS,USR-Final-Rx-Link-Data-Rate,17
21.6K-BPS,USR-Final-Rx-Link-Data-Rate,18
24K-BPS,USR-Final-Rx-Link-Data-Rate,19
26K-BPS,USR-Final-Rx-Link-Data-Rate,20
28K-BPS,USR-Final-Rx-Link-Data-Rate,21
115K-BPS,USR-Final-Rx-Link-Data-Rate,22
31K-BPS,USR-Final-Rx-Link-Data-Rate,23
33K-BPS,USR-Final-Rx-Link-Data-Rate,24
25333-BPS,USR-Final-Rx-Link-Data-Rate,25
26666-BPS,USR-Final-Rx-Link-Data-Rate,26
28000-BPS,USR-Final-Rx-Link-Data-Rate,27
29333-BPS,USR-Final-Rx-Link-Data-Rate,28
30666-BPS,USR-Final-Rx-Link-Data-Rate,29
32000-BPS,USR-Final-Rx-Link-Data-Rate,30
33333-BPS,USR-Final-Rx-Link-Data-Rate,31
34666-BPS,USR-Final-Rx-Link-Data-Rate,32
36000-BPS,USR-Final-Rx-Link-Data-Rate,33
37333-BPS,USR-Final-Rx-Link-Data-Rate,34
38666-BPS,USR-Final-Rx-Link-Data-Rate,35
40000-BPS,USR-Final-Rx-Link-Data-Rate,36
41333-BPS,USR-Final-Rx-Link-Data-Rate,37
42666-BPS,USR-Final-Rx-Link-Data-Rate,38
44000-BPS,USR-Final-Rx-Link-Data-Rate,39
45333-BPS,USR-Final-Rx-Link-Data-Rate,40
46666-BPS,USR-Final-Rx-Link-Data-Rate,41
48000-BPS,USR-Final-Rx-Link-Data-Rate,42
49333-BPS,USR-Final-Rx-Link-Data-Rate,43
50666-BPS,USR-Final-Rx-Link-Data-Rate,44
52000-BPS,USR-Final-Rx-Link-Data-Rate,45
53333-BPS,USR-Final-Rx-Link-Data-Rate,46
54666-BPS,USR-Final-Rx-Link-Data-Rate,47
56000-BPS,USR-Final-Rx-Link-Data-Rate,48
57333-BPS,USR-Final-Rx-Link-Data-Rate,49
58666-BPS,USR-Final-Rx-Link-Data-Rate,50
60000-BPS,USR-Final-Rx-Link-Data-Rate,51
61333-BPS,USR-Final-Rx-Link-Data-Rate,52
62666-BPS,USR-Final-Rx-Link-Data-Rate,53
64000-BPS,USR-Final-Rx-Link-Data-Rate,54
110-BPS,USR-Final-Tx-Link-Data-Rate,1
300-BPS,USR-Final-Tx-Link-Data-Rate,2
600-BPS,USR-Final-Tx-Link-Data-Rate,3
1200-BPS,USR-Final-Tx-Link-Data-Rate,4
2400-BPS,USR-Final-Tx-Link-Data-Rate,5
4800-BPS,USR-Final-Tx-Link-Data-Rate,6
7200-BPS,USR-Final-Tx-Link-Data-Rate,7
9600-BPS,USR-Final-Tx-Link-Data-Rate,8
12K-BPS,USR-Final-Tx-Link-Data-Rate,9
14.4K-BPS,USR-Final-Tx-Link-Data-Rate,10
16.8-BPS,USR-Final-Tx-Link-Data-Rate,11
19.2K-BPS,USR-Final-Tx-Link-Data-Rate,12
38.4K-BPS,USR-Final-Tx-Link-Data-Rate,13
75-BPS,USR-Final-Tx-Link-Data-Rate,14
450-BPS,USR-Final-Tx-Link-Data-Rate,15
UNKNOWN-BPS,USR-Final-Tx-Link-Data-Rate,16
57.6K-BPS,USR-Final-Tx-Link-Data-Rate,17
21.6K-BPS,USR-Final-Tx-Link-Data-Rate,18
24K-BPS,USR-Final-Tx-Link-Data-Rate,19
26K-BPS,USR-Final-Tx-Link-Data-Rate,20
28K-BPS,USR-Final-Tx-Link-Data-Rate,21
115K-BPS,USR-Final-Tx-Link-Data-Rate,22
31K-BPS,USR-Final-Tx-Link-Data-Rate,23
33K-BPS,USR-Final-Tx-Link-Data-Rate,24
25333-BPS,USR-Final-Tx-Link-Data-Rate,25
26666-BPS,USR-Final-Tx-Link-Data-Rate,26
28000-BPS,USR-Final-Tx-Link-Data-Rate,27
29333-BPS,USR-Final-Tx-Link-Data-Rate,28
30666-BPS,USR-Final-Tx-Link-Data-Rate,29
32000-BPS,USR-Final-Tx-Link-Data-Rate,30
33333-BPS,USR-Final-Tx-Link-Data-Rate,31
34666-BPS,USR-Final-Tx-Link-Data-Rate,32
36000-BPS,USR-Final-Tx-Link-Data-Rate,33
37333-BPS,USR-Final-Tx-Link-Data-Rate,34
38666-BPS,USR-Final-Tx-Link-Data-Rate,35
40000-BPS,USR-Final-Tx-Link-Data-Rate,36
41333-BPS,USR-Final-Tx-Link-Data-Rate,37
42666-BPS,USR-Final-Tx-Link-Data-Rate,38
44000-BPS,USR-Final-Tx-Link-Data-Rate,39
45333-BPS,USR-Final-Tx-Link-Data-Rate,40
46666-BPS,USR-Final-Tx-Link-Data-Rate,41
48000-BPS,USR-Final-Tx-Link-Data-Rate,42
49333-BPS,USR-Final-Tx-Link-Data-Rate,43
50666-BPS,USR-Final-Tx-Link-Data-Rate,44
52000-BPS,USR-Final-Tx-Link-Data-Rate,45
53333-BPS,USR-Final-Tx-Link-Data-Rate,46
54666-BPS,USR-Final-Tx-Link-Data-Rate,47
56000-BPS,USR-Final-Tx-Link-Data-Rate,48
57333-BPS,USR-Final-Tx-Link-Data-Rate,49
58666-BPS,USR-Final-Tx-Link-Data-Rate,50
60000-BPS,USR-Final-Tx-Link-Data-Rate,51
61333-BPS,USR-Final-Tx-Link-Data-Rate,52
62666-BPS,USR-Final-Tx-Link-Data-Rate,53
64000-BPS,USR-Final-Tx-Link-Data-Rate,54
usRoboticsHST,USR-Initial-Modulation-Type,1
ccittV32,USR-Initial-Modulation-Type,2
ccittV22bis,USR-Initial-Modulation-Type,3
bell103,USR-Initial-Modulation-Type,4
ccittV21,USR-Initial-Modulation-Type,5
bell212,USR-Initial-Modulation-Type,6
ccittV32bis,USR-Initial-Modulation-Type,7
ccittV23,USR-Initial-Modulation-Type,8
negotiationFailed,USR-Initial-Modulation-Type,9
bell208b,USR-Initial-Modulation-Type,10
v21FaxClass1,USR-Initial-Modulation-Type,11
v27FaxClass1,USR-Initial-Modulation-Type,12
v29FaxClass1,USR-Initial-Modulation-Type,13
v17FaxClass1,USR-Initial-Modulation-Type,14
v21FaxClass2,USR-Initial-Modulation-Type,15
v27FaxClass2,USR-Initial-Modulation-Type,16
v29FaxClass2,USR-Initial-Modulation-Type,17
v17FaxClass2,USR-Initial-Modulation-Type,18
v32Terbo,USR-Initial-Modulation-Type,19
v34,USR-Initial-Modulation-Type,20
vFC,USR-Initial-Modulation-Type,21
v34plus,USR-Initial-Modulation-Type,22
x2,USR-Initial-Modulation-Type,23
v110,USR-Initial-Modulation-Type,24
v120,USR-Initial-Modulation-Type,25
x75,USR-Initial-Modulation-Type,26
ayncSyncPPP,USR-Initial-Modulation-Type,27
clearChannel,USR-Initial-Modulation-Type,28
x2client,USR-Initial-Modulation-Type,29
x2symmetric,USR-Initial-Modulation-Type,30
piafs,USR-Initial-Modulation-Type,31
v90Analogue,USR-Initial-Modulation-Type,33
v90Digital,USR-Initial-Modulation-Type,34
v90AllDigital,USR-Initial-Modulation-Type,35
110-BPS,USR-Initial-Rx-Link-Data-Rate,1
300-BPS,USR-Initial-Rx-Link-Data-Rate,2
600-BPS,USR-Initial-Rx-Link-Data-Rate,3
1200-BPS,USR-Initial-Rx-Link-Data-Rate,4
2400-XBPS,USR-Initial-Rx-Link-Data-Rate,5
4800-BPS,USR-Initial-Rx-Link-Data-Rate,6
7200-BPS,USR-Initial-Rx-Link-Data-Rate,7
9600-BPS,USR-Initial-Rx-Link-Data-Rate,8
12K-BPS,USR-Initial-Rx-Link-Data-Rate,9
14.4K-BPS,USR-Initial-Rx-Link-Data-Rate,10
16.8-BPS,USR-Initial-Rx-Link-Data-Rate,11
19.2K-BPS,USR-Initial-Rx-Link-Data-Rate,12
38.4K-BPS,USR-Initial-Rx-Link-Data-Rate,13
75-BPS,USR-Initial-Rx-Link-Data-Rate,14
450-BPS,USR-Initial-Rx-Link-Data-Rate,15
UNKNOWN-BPS,USR-Initial-Rx-Link-Data-Rate,16
57.6K-BPS,USR-Initial-Rx-Link-Data-Rate,17
21.6K-BPS,USR-Initial-Rx-Link-Data-Rate,18
24K-BPS,USR-Initial-Rx-Link-Data-Rate,19
26K-BPS,USR-Initial-Rx-Link-Data-Rate,20
28K-BPS,USR-Initial-Rx-Link-Data-Rate,21
115K-BPS,USR-Initial-Rx-Link-Data-Rate,22
31K-BPS,USR-Initial-Rx-Link-Data-Rate,23
33K-BPS,USR-Initial-Rx-Link-Data-Rate,24
25333-BPS,USR-Initial-Rx-Link-Data-Rate,25
26666-BPS,USR-Initial-Rx-Link-Data-Rate,26
28000-BPS,USR-Initial-Rx-Link-Data-Rate,27
29333-BPS,USR-Initial-Rx-Link-Data-Rate,28
30666-BPS,USR-Initial-Rx-Link-Data-Rate,29
32000-BPS,USR-Initial-Rx-Link-Data-Rate,30
33333-BPS,USR-Initial-Rx-Link-Data-Rate,31
34666-BPS,USR-Initial-Rx-Link-Data-Rate,32
36000-BPS,USR-Initial-Rx-Link-Data-Rate,33
37333-BPS,USR-Initial-Rx-Link-Data-Rate,34
38666-BPS,USR-Initial-Rx-Link-Data-Rate,35
40000-BPS,USR-Initial-Rx-Link-Data-Rate,36
41333-BPS,USR-Initial-Rx-Link-Data-Rate,37
42666-BPS,USR-Initial-Rx-Link-Data-Rate,38
44000-BPS,USR-Initial-Rx-Link-Data-Rate,39
45333-BPS,USR-Initial-Rx-Link-Data-Rate,40
46666-BPS,USR-Initial-Rx-Link-Data-Rate,41
48000-BPS,USR-Initial-Rx-Link-Data-Rate,42
49333-BPS,USR-Initial-Rx-Link-Data-Rate,43
50666-BPS,USR-Initial-Rx-Link-Data-Rate,44
52000-BPS,USR-Initial-Rx-Link-Data-Rate,45
53333-BPS,USR-Initial-Rx-Link-Data-Rate,46
54666-BPS,USR-Initial-Rx-Link-Data-Rate,47
56000-BPS,USR-Initial-Rx-Link-Data-Rate,48
57333-BPS,USR-Initial-Rx-Link-Data-Rate,49
58666-BPS,USR-Initial-Rx-Link-Data-Rate,50
60000-BPS,USR-Initial-Rx-Link-Data-Rate,51
61333-BPS,USR-Initial-Rx-Link-Data-Rate,52
62666-BPS,USR-Initial-Rx-Link-Data-Rate,53
64000-BPS,USR-Initial-Rx-Link-Data-Rate,54
110-BPS,USR-Initial-Tx-Link-Data-Rate,1
300-BPS,USR-Initial-Tx-Link-Data-Rate,2
600-BPS,USR-Initial-Tx-Link-Data-Rate,3
1200-BPS,USR-Initial-Tx-Link-Data-Rate,4
2400-BPS,USR-Initial-Tx-Link-Data-Rate,5
4800-BPS,USR-Initial-Tx-Link-Data-Rate,6
7200-BPS,USR-Initial-Tx-Link-Data-Rate,7
9600-BPS,USR-Initial-Tx-Link-Data-Rate,8
12K-BPS,USR-Initial-Tx-Link-Data-Rate,9
14.4K-BPS,USR-Initial-Tx-Link-Data-Rate,10
16.8-BPS,USR-Initial-Tx-Link-Data-Rate,11
19.2K-BPS,USR-Initial-Tx-Link-Data-Rate,12
38.4K-BPS,USR-Initial-Tx-Link-Data-Rate,13
75-BPS,USR-Initial-Tx-Link-Data-Rate,14
450-BPS,USR-Initial-Tx-Link-Data-Rate,15
UNKNOWN-BPS,USR-Initial-Tx-Link-Data-Rate,16
57.6K-BPS,USR-Initial-Tx-Link-Data-Rate,17
21.6K-BPS,USR-Initial-Tx-Link-Data-Rate,18
24K-BPS,USR-Initial-Tx-Link-Data-Rate,19
26K-BPS,USR-Initial-Tx-Link-Data-Rate,20
28K-BPS,USR-Initial-Tx-Link-Data-Rate,21
115K-BPS,USR-Initial-Tx-Link-Data-Rate,22
31K-BPS,USR-Initial-Tx-Link-Data-Rate,23
33K-BPS,USR-Initial-Tx-Link-Data-Rate,24
25333-BPS,USR-Initial-Tx-Link-Data-Rate,25
26666-BPS,USR-Initial-Tx-Link-Data-Rate,26
28000-BPS,USR-Initial-Tx-Link-Data-Rate,27
29333-BPS,USR-Initial-Tx-Link-Data-Rate,28
30666-BPS,USR-Initial-Tx-Link-Data-Rate,29
32000-BPS,USR-Initial-Tx-Link-Data-Rate,30
33333-BPS,USR-Initial-Tx-Link-Data-Rate,31
34666-BPS,USR-Initial-Tx-Link-Data-Rate,32
36000-BPS,USR-Initial-Tx-Link-Data-Rate,33
37333-BPS,USR-Initial-Tx-Link-Data-Rate,34
38666-BPS,USR-Initial-Tx-Link-Data-Rate,35
40000-BPS,USR-Initial-Tx-Link-Data-Rate,36
41333-BPS,USR-Initial-Tx-Link-Data-Rate,37
42666-BPS,USR-Initial-Tx-Link-Data-Rate,38
44000-BPS,USR-Initial-Tx-Link-Data-Rate,39
45333-BPS,USR-Initial-Tx-Link-Data-Rate,40
46666-BPS,USR-Initial-Tx-Link-Data-Rate,41
48000-BPS,USR-Initial-Tx-Link-Data-Rate,42
49333-BPS,USR-Initial-Tx-Link-Data-Rate,43
50666-BPS,USR-Initial-Tx-Link-Data-Rate,44
52000-BPS,USR-Initial-Tx-Link-Data-Rate,45
53333-BPS,USR-Initial-Tx-Link-Data-Rate,46
54666-BPS,USR-Initial-Tx-Link-Data-Rate,47
56000-BPS,USR-Initial-Tx-Link-Data-Rate,48
57333-BPS,USR-Initial-Tx-Link-Data-Rate,49
58666-BPS,USR-Initial-Tx-Link-Data-Rate,50
60000-BPS,USR-Initial-Tx-Link-Data-Rate,51
61333-BPS,USR-Initial-Tx-Link-Data-Rate,52
62666-BPS,USR-Initial-Tx-Link-Data-Rate,53
64000-BPS,USR-Initial-Tx-Link-Data-Rate,54
enabled,USR-IP-Default-Route-Option,1
disabled,USR-IP-Default-Route-Option,2
SendDefault,USR-IP-RIP-Policies,0
SendRoutes,USR-IP-RIP-Policies,2
SendSubnets,USR-IP-RIP-Policies,4
AcceptDefault,USR-IP-RIP-Policies,8
SplitHorizon,USR-IP-RIP-Policies,16
PoisonReserve,USR-IP-RIP-Policies,32
FlashUpdate,USR-IP-RIP-Policies,64
SimpleAuth,USR-IP-RIP-Policies,128
V1Send,USR-IP-RIP-Policies,256
V1Receive,USR-IP-RIP-Policies,512
V2Receive,USR-IP-RIP-Policies,1024
Silent,USR-IP-RIP-Policies,2147483647
none,USR-IPX-Routing,0
send,USR-IPX-Routing,1
listen,USR-IPX-Routing,2
respond,USR-IPX-Routing,3
all,USR-IPX-Routing,4
enabled,USR-IPX-WAN,1
disabled,USR-IPX-WAN,2
usRoboticsHST,USR-Modulation-Type,1
ccittV32,USR-Modulation-Type,2
ccittV22bis,USR-Modulation-Type,3
bell103,USR-Modulation-Type,4
ccittV21,USR-Modulation-Type,5
bell212,USR-Modulation-Type,6
ccittV32bis,USR-Modulation-Type,7
ccittV23,USR-Modulation-Type,8
negotiationFailed,USR-Modulation-Type,9
bell208b,USR-Modulation-Type,10
v21FaxClass1,USR-Modulation-Type,11
v27FaxClass1,USR-Modulation-Type,12
v29FaxClass1,USR-Modulation-Type,13
v17FaxClass1,USR-Modulation-Type,14
v21FaxClass2,USR-Modulation-Type,15
v27FaxClass2,USR-Modulation-Type,16
v29FaxClass2,USR-Modulation-Type,17
v17FaxClass2,USR-Modulation-Type,18
v32Terbo,USR-Modulation-Type,19
v34,USR-Modulation-Type,20
vFC,USR-Modulation-Type,21
v34plus,USR-Modulation-Type,22
x2,USR-Modulation-Type,23
v110,USR-Modulation-Type,24
v120,USR-Modulation-Type,25
x75,USR-Modulation-Type,26
ayncSyncPPP,USR-Modulation-Type,27
clearChannel,USR-Modulation-Type,28
x2client,USR-Modulation-Type,29
x2symmetric,USR-Modulation-Type,30
piafs,USR-Modulation-Type,31
v90Analogue,USR-Modulation-Type,33
v90Digital,USR-Modulation-Type,34
v90AllDigital,USR-Modulation-Type,35
3Com-NMC,USR-NAS-Type,0
3Com-NETServer,USR-NAS-Type,1
3Com-HiPerArc,USR-NAS-Type,2
TACACS+-Server,USR-NAS-Type,3
3Com-SA-Server,USR-NAS-Type,4
Ascend,USR-NAS-Type,5
Generic-RADIUS,USR-NAS-Type,6
3Com-NETBuilder-II,USR-NAS-Type,7
Originate-in-Originate-Mode,USR-Originate-Answer-Mode,1
Originate-in-Answer-Mode,USR-Originate-Answer-Mode,2
Answer-in-Originate-Mode,USR-Originate-Answer-Mode,3
Answer-in-Answer-Mode,USR-Originate-Answer-Mode,4
Off,USR-PW-Framed-Routing-V2,0
On,USR-PW-Framed-Routing-V2,1
Access-Request,USR-Request-Type,1
Access-Accept,USR-Request-Type,2
Access-Reject,USR-Request-Type,3
Accounting-Request,USR-Request-Type,4
Accounting-Response,USR-Request-Type,5
Access-Password-Change,USR-Request-Type,7
Access-Password-Ack,USR-Request-Type,8
Access-Password-Reject,USR-Request-Type,9
Access-Challenge,USR-Request-Type,11
Status-Server,USR-Request-Type,12
Status-Client,USR-Request-Type,13
Resource-Free-Request,USR-Request-Type,21
Resource-Free-Response,USR-Request-Type,22
Resource-Query-Request,USR-Request-Type,23
Resource-Query-Response,USR-Request-Type,24
Disconnect-User,USR-Request-Type,25
NAS-Reboot-Request,USR-Request-Type,26
NAS-Reboot-Response,USR-Request-Type,27
Tacacs-Message,USR-Request-Type,253
Reserved,USR-Request-Type,255
none,USR-RMMIE-Last-Update-Event,1
initialConnection,USR-RMMIE-Last-Update-Event,2
retrain,USR-RMMIE-Last-Update-Event,3
speedShift,USR-RMMIE-Last-Update-Event,4
plannedDisconnect,USR-RMMIE-Last-Update-Event,5
none,USR-RMMIE-Planned-Disconnect,1
dteNotReady,USR-RMMIE-Planned-Disconnect,2
dteInterfaceError,USR-RMMIE-Planned-Disconnect,3
dteRequest,USR-RMMIE-Planned-Disconnect,4
escapeToOnlineCommandMode,USR-RMMIE-Planned-Disconnect,5
athCommand,USR-RMMIE-Planned-Disconnect,6
inactivityTimeout,USR-RMMIE-Planned-Disconnect,7
arqProtocolError,USR-RMMIE-Planned-Disconnect,8
arqProtocolRetransmitLim,USR-RMMIE-Planned-Disconnect,9
invalidComprDataCodeword,USR-RMMIE-Planned-Disconnect,10
invalidComprDataStringLen,USR-RMMIE-Planned-Disconnect,11
invalidComprDataCommand,USR-RMMIE-Planned-Disconnect,12
notEnabledInLocalModem,USR-RMMIE-Status,1
notDetectedInRemoteModem,USR-RMMIE-Status,2
ok,USR-RMMIE-Status,3
notOperational,USR-RMMIE-x2-Status,1
operational,USR-RMMIE-x2-Status,2
x2Disabled,USR-RMMIE-x2-Status,3
v8Disabled,USR-RMMIE-x2-Status,4
remote3200Disabled,USR-RMMIE-x2-Status,5
invalidSpeedSetting,USR-RMMIE-x2-Status,6
v8NotDetected,USR-RMMIE-x2-Status,7
x2NotDetected,USR-RMMIE-x2-Status,8
incompatibleVersion,USR-RMMIE-x2-Status,9
incompatibleModes,USR-RMMIE-x2-Status,10
local3200Disabled,USR-RMMIE-x2-Status,11
excessHighFrequencyAtten,USR-RMMIE-x2-Status,12
connectNotSupport3200,USR-RMMIE-x2-Status,13
retrainBeforeConnection,USR-RMMIE-x2-Status,14
Rip1,USR-Routing-Protocol,1
Rip2,USR-Routing-Protocol,2
none,USR-Simplified-MNP-Levels,1
mnpLevel3,USR-Simplified-MNP-Levels,2
mnpLevel4,USR-Simplified-MNP-Levels,3
ccittV42,USR-Simplified-MNP-Levels,4
usRoboticsHST,USR-Simplified-MNP-Levels,5
synchronousNone,USR-Simplified-MNP-Levels,6
mnpLevel2,USR-Simplified-MNP-Levels,7
mnp10,USR-Simplified-MNP-Levels,8
v42Etc,USR-Simplified-MNP-Levels,9
mnp10Ec,USR-Simplified-MNP-Levels,10
lapmEc,USR-Simplified-MNP-Levels,11
v42Etc2,USR-Simplified-MNP-Levels,12
ccittV42SREJ,USR-Simplified-MNP-Levels,13
piafs,USR-Simplified-MNP-Levels,14
none,USR-Simplified-V42bis-Usage,1
ccittV42bis,USR-Simplified-V42bis-Usage,2
mnpLevel5,USR-Simplified-V42bis-Usage,3
Auto,USR-Speed-Of-Connection,0
56,USR-Speed-Of-Connection,1
64,USR-Speed-Of-Connection,2
Voice,USR-Speed-Of-Connection,3
enabled,USR-Spoofing,1
disabled,USR-Spoofing,2
Asynchronous,USR-Sync-Async-Mode,1
Synchronous,USR-Sync-Async-Mode,2
Off,USR-Syslog-Tap,0
Raw,USR-Syslog-Tap,1
Framed,USR-Syslog-Tap,2
None,USR-Tunnel-Security,0
Control-Only,USR-Tunnel-Security,1
Data-Only,USR-Tunnel-Security,2
Both-Data-and-Control,USR-Tunnel-Security,3
